<presets xmlns="http://josm.openstreetmap.de/tagging-preset-1.0" 
author="yopaseopor"
shortdescription="Traffic signs_ALL"
description="Tag easily ways and nodes for highways and traffic signs from all the countries, with human readable values. Begin to be localizated."
version="5.2025-02-14"
link="https://wiki.openstreetmap.org/wiki/Proposed_features/Extended_traffic_signs_tagging" 
icon="https://raw.githubusercontent.com/yopaseopor/beta_preset_josm/master/ES/traffic_signs/ES/ES_.png">

<group name="Traffic_signs_ALL" icon="traffic_signs/ALL/ES_BS.png">

	<group name="B.Traffic signs (by countries)" ca.name="B.Senyals (per països)" es.name="B.Señales (por países)" icon="traffic_signs/ALL/ES_traffic_sign_dir.png">
			
		<item name="Direction" ca.name="Sentit" es.name="Sentido" icon="traffic_signs/ALL/ES_traffic_sign_dir.png" type="node,way,relation">
		<combo key="direction" text="Direction of the traffic sign" ca.text="Sentit" es.text="Sentido" values="forward,backward,both" ca.display_values="Sentit via,Sentit contrari,Ambdós" es.display_values="Sentido vía,Sentido contrario,Ambos" default="forward"  />
		<combo key="side" text="Side of the way" ca.text="Costat de la via" es.text="Lado de la vía" values="right,left,both,up,down" ca.display_values="dret,esquerre,ambdós,superior,inferior" es.display_values="derecho,izquierdo,ambos,superior,inferior" default="right"  />
		</item>
			
		<item name="Stop" ca.name="Stop" es.name="Stop" icon="traffic_signs/ALL/ES_R2.png" type="node,way,relation">
		<key key="highway" value="stop" match="keyvalue!" />
		<check key="highway" text="Using highway=* key" ca.text="Usant clau highway=*" es.text="Usando clave highway=*" default="off" value_off="" value_on="stop" />
		<check key="traffic_sign" text="Traffic sign real position" ca.text="Senyal posició real" es.text="Señal posición real" default="off" value_off="" value_on="stop" match="keyvalue!" />	
		<combo key="layer" text="Layer where it is this traffic sign (bottom to top)" ca.text="Posició en la que està aquest senyal de trànsit (de baix a dalt)" es.text="Posición en la que está la señal de tráfico (de abajo a arriba)" values="1,2,3,4,5,6,7,8,9,10" ca.display_values="1,2,3,4,5,6,7,8,9,10" es.display_values="1,2,3,4,5,6,7,8,9,10" default="1" />
		<combo key="direction" text="Direction of the traffic sign vs. way" ca.text="Direcció del senyal vs. via" es.text="Lado de la señal vs. vía" values="forward,backward,90,270" es.display_values="En el sentido de la marcha,En sentido contrario al de la marcha,90 grados sentido horario,270 grados sentido horario" ca.display_values="En sentit de la marxa,En sentit contrari a la marxa,90º sentit horari,270º sentit horari"  default="forward"/>
		<text key="description" text="Specify other information if you need it" ca.text="Especifica una altra informació si és necessari" es.text="Especifica otra información si es necesario"/>
		</item> 

		<item name="Give way/Yield" ca.name="Cedeix el pas" de.name="Vorfahrt beachten" es.name="Ceda el paso" icon="traffic_signs/ALL/ES_R1.png" type="node,way,relation">
		<check key="highway" text="Using highway=* key" ca.text="Usant clau highway=*" es.text="Usando clave highway=*" default="off" value_off="" value_on="give_way" />
		<check key="traffic_sign" text="Traffic sign real position" ca.text="Senyal posició real" es.text="Señal posición real" default="off" value_off="" value_on="give_way" match="keyvalue!" />	
		<combo key="layer" text="Layer where it is this traffic sign (bottom to top)" ca.text="Posició en la que està aquest senyal de trànsit (de baix a dalt)" es.text="Posición en la que está la señal de tráfico (de abajo a arriba)" values="1,2,3,4,5,6,7,8,9,10" ca.display_values="1,2,3,4,5,6,7,8,9,10" es.display_values="1,2,3,4,5,6,7,8,9,10" default="1" />
		<combo key="direction" text="Direction of the traffic sign vs. way" ca.text="Direcció del senyal vs. via" es.text="Lado de la señal vs. vía" values="forward,backward,90,270" es.display_values="En el sentido de la marcha,En sentido contrario al de la marcha,90 grados sentido horario,270 grados sentido horario" ca.display_values="En sentit de la marxa,En sentit contrari a la marxa,90º sentit horari,270º sentit horari"  default="forward"/>
		<text key="description" text="Specify other information if you need it" ca.text="Especifica una altra informació si és necessari" es.text="Especifica otra información si es necesario"/>
		</item>

			<group name="Hazard" ca.name="Perill" es.name="Peligro" icon="traffic_signs/ALL/ES_P50.png">
			
					<item name="Cattle" ca.name="Animals domèstics" es.name="Animales domésticos" icon="traffic_signs/ALL/ES_P23.png" type="node,way,relation">	
					<check key="traffic_sign" text="Traffic sign real position" ca.text="Senyal posició real" es.text="Señal posición real" default="off" value_off="" value_on="hazard" match="keyvalue!" />		
					<combo key="layer" text="Layer where it is this traffic sign (bottom to top)" ca.text="Posició en la que està aquest senyal de trànsit (de baix a dalt)" es.text="Posición en la que está la señal de tráfico (de abajo a arriba)" values="1,2,3,4,5,6,7,8,9,10" ca.display_values="1,2,3,4,5,6,7,8,9,10" es.display_values="1,2,3,4,5,6,7,8,9,10" default="1" />
					<key key="hazard" value="animal_crossing" />
					<combo key="direction" text="Direction of the traffic sign vs. way" ca.text="Direcció del senyal vs. via" es.text="Lado de la señal vs. vía" values="forward,backward,90,270" es.display_values="En el sentido de la marcha,En sentido contrario al de la marcha,90 grados sentido horario,270 grados sentido horario" ca.display_values="En sentit de la marxa,En sentit contrari a la marxa,90º sentit horari,270º sentit horari"  default="forward"/>
					<text key="description" text="Specify other information if you need it" ca.text="Especifica una altra informació si és necessari" es.text="Especifica otra información si es necesario"/>
					</item> 

					<item name="Bump" ca.name="Ressalt" es.name="Resalto" fr.name="Ralentisseur" icon="traffic_signs/ALL/ES_P15a.png" type="node,way,relation">
					<check key="traffic_sign" text="Traffic sign real position" ca.text="Senyal posició real" es.text="Señal posición real" default="off" value_off="" value_on="hazard" match="keyvalue!" />		
					<combo key="layer" text="Layer where it is this traffic sign (bottom to top)" ca.text="Posició en la que està aquest senyal de trànsit (de baix a dalt)" es.text="Posición en la que está la señal de tráfico (de abajo a arriba)" values="1,2,3,4,5,6,7,8,9,10" ca.display_values="1,2,3,4,5,6,7,8,9,10" es.display_values="1,2,3,4,5,6,7,8,9,10" default="1" />
					<key key="hazard" value="bump" />
					<combo key="direction" text="Direction of the traffic sign vs. way" ca.text="Direcció del senyal vs. via" es.text="Lado de la señal vs. vía" values="forward,backward,90,270" es.display_values="En el sentido de la marcha,En sentido contrario al de la marcha,90 grados sentido horario,270 grados sentido horario" ca.display_values="En sentit de la marxa,En sentit contrari a la marxa,90º sentit horari,270º sentit horari"  default="forward"/>
					<text key="description" text="Specify other information if you need it" ca.text="Especifica una altra informació si és necessari" es.text="Especifica otra información si es necesario"/>
					</item> 
					
					<item name="Dip" ca.name="Gual" es.name="Badén" icon="traffic_signs/ALL/ES_P15b.png" type="node,way,relation">
					<check key="traffic_sign" text="Traffic sign real position" ca.text="Senyal posició real" es.text="Señal posición real" default="off" value_off="" value_on="hazard" match="keyvalue!" />		
					<combo key="layer" text="Layer where it is this traffic sign (bottom to top)" ca.text="Posició en la que està aquest senyal de trànsit (de baix a dalt)" es.text="Posición en la que está la señal de tráfico (de abajo a arriba)" values="1,2,3,4,5,6,7,8,9,10" ca.display_values="1,2,3,4,5,6,7,8,9,10" es.display_values="1,2,3,4,5,6,7,8,9,10" default="1" />
					<key key="hazard" value="dip" />
					<combo key="direction" text="Direction of the traffic sign vs. way" ca.text="Direcció del senyal vs. via" es.text="Lado de la señal vs. vía" values="forward,backward,90,270" es.display_values="En el sentido de la marcha,En sentido contrario al de la marcha,90 grados sentido horario,270 grados sentido horario" ca.display_values="En sentit de la marxa,En sentit contrari a la marxa,90º sentit horari,270º sentit horari"  default="forward"/>
					<text key="description" text="Specify other information if you need it" ca.text="Especifica una altra informació si és necessari" es.text="Especifica otra información si es necesario"/>
					</item> 
					
					<item name="Children" ca.name="Infants" es.name="Niños/as" icon="traffic_signs/ALL/ES_P21.png" type="node,way,relation">
					<check key="traffic_sign" text="Traffic sign real position" ca.text="Senyal posició real" es.text="Señal posición real" default="off" value_off="" value_on="hazard" match="keyvalue!" />
					<key key="hazard" value="children" />					
					<combo key="layer" text="Layer where it is this traffic sign (bottom to top)" ca.text="Posició en la que està aquest senyal de trànsit (de baix a dalt)" es.text="Posición en la que está la señal de tráfico (de abajo a arriba)" values="1,2,3,4,5,6,7,8,9,10" ca.display_values="1,2,3,4,5,6,7,8,9,10" es.display_values="1,2,3,4,5,6,7,8,9,10" default="1" />
					<combo key="direction" text="Direction of the traffic sign vs. way" ca.text="Direcció del senyal vs. via" es.text="Lado de la señal vs. vía" values="forward,backward,90,270" es.display_values="En el sentido de la marcha,En sentido contrario al de la marcha,90 grados sentido horario,270 grados sentido horario" ca.display_values="En sentit de la marxa,En sentit contrari a la marxa,90º sentit horari,270º sentit horari"  default="forward"/>
					<text key="description" text="Specify other information if you need it" ca.text="Especifica una altra informació si és necessari" es.text="Especifica otra información si es necesario"/>
					</item>
					
					<item name="Right curve" ca.name="Corba a dreta" es.name="Curva a derecha" icon="traffic_signs/ALL/ES_P13a.png" type="node,way,relation">
					<check key="traffic_sign" text="Traffic sign real position" ca.text="Senyal posició real" es.text="Señal posición real" default="off" value_off="" value_on="hazard" match="keyvalue!" />
					<key key="hazard" value="curve" />
					<key key="curve" value="right" />					
					<combo key="layer" text="Layer where it is this traffic sign (bottom to top)" ca.text="Posició en la que està aquest senyal de trànsit (de baix a dalt)" es.text="Posición en la que está la señal de tráfico (de abajo a arriba)" values="1,2,3,4,5,6,7,8,9,10" ca.display_values="1,2,3,4,5,6,7,8,9,10" es.display_values="1,2,3,4,5,6,7,8,9,10" default="1" />
					<combo key="direction" text="Direction of the traffic sign vs. way" ca.text="Direcció del senyal vs. via" es.text="Lado de la señal vs. vía" values="forward,backward,90,270" es.display_values="En el sentido de la marcha,En sentido contrario al de la marcha,90 grados sentido horario,270 grados sentido horario" ca.display_values="En sentit de la marxa,En sentit contrari a la marxa,90º sentit horari,270º sentit horari"  default="forward"/>
					<text key="description" text="Specify other information if you need it" ca.text="Especifica una altra informació si és necessari" es.text="Especifica otra información si es necesario"/>
					</item>

					<item name="Left curve" ca.name="Corba a esquerra" es.name="Curva a izquierda" icon="traffic_signs/ALL/ES_P13b.png" type="node,way,relation">
					<check key="traffic_sign" text="Traffic sign real position" ca.text="Senyal posició real" es.text="Señal posición real" default="off" value_off="" value_on="hazard" match="keyvalue!" />	
					<key key="hazard" value="curve" />
					<key key="curve" value="left" />					
					<combo key="layer" text="Layer where it is this traffic sign (bottom to top)" ca.text="Posició en la que està aquest senyal de trànsit (de baix a dalt)" es.text="Posición en la que está la señal de tráfico (de abajo a arriba)" values="1,2,3,4,5,6,7,8,9,10" ca.display_values="1,2,3,4,5,6,7,8,9,10" es.display_values="1,2,3,4,5,6,7,8,9,10" default="1" />
					<combo key="direction" text="Direction of the traffic sign vs. way" ca.text="Direcció del senyal vs. via" es.text="Lado de la señal vs. vía" values="forward,backward,90,270" es.display_values="En el sentido de la marcha,En sentido contrario al de la marcha,90 grados sentido horario,270 grados sentido horario" ca.display_values="En sentit de la marxa,En sentit contrari a la marxa,90º sentit horari,270º sentit horari"  default="forward"/>
					<text key="description" text="Specify other information if you need it" ca.text="Especifica una altra informació si és necessari" es.text="Especifica otra información si es necesario"/>
					</item>
					
					<item name="Curves" ca.name="Corbes" es.name="Curvas" icon="traffic_signs/ALL/ES_P14a.png" type="node,way,relation">
					<check key="traffic_sign" text="Traffic sign real position" ca.text="Senyal posició real" es.text="Señal posición real" default="off" value_off="" value_on="hazard" match="keyvalue!" />	
					<key key="hazard" value="curves" />
					<key key="curve" value="left" />					
					<combo key="layer" text="Layer where it is this traffic sign (bottom to top)" ca.text="Posició en la que està aquest senyal de trànsit (de baix a dalt)" es.text="Posición en la que está la señal de tráfico (de abajo a arriba)" values="1,2,3,4,5,6,7,8,9,10" ca.display_values="1,2,3,4,5,6,7,8,9,10" es.display_values="1,2,3,4,5,6,7,8,9,10" default="1" />
					<combo key="direction" text="Direction of the traffic sign vs. way" ca.text="Direcció del senyal vs. via" es.text="Lado de la señal vs. vía" values="forward,backward,90,270" es.display_values="En el sentido de la marcha,En sentido contrario al de la marcha,90 grados sentido horario,270 grados sentido horario" ca.display_values="En sentit de la marxa,En sentit contrari a la marxa,90º sentit horari,270º sentit horari"  default="forward"/>
					<text key="description" text="Specify other information if you need it" ca.text="Especifica una altra informació si és necessari" es.text="Especifica otra información si es necesario"/>
					</item>
					
					<item name="Pedal cycle" ca.name="Ciclistes" es.name="Ciclistas" icon="traffic_signs/ALL/ES_P22.png" type="node,way,relation">
					<check key="traffic_sign" text="Traffic sign real position" ca.text="Senyal posició real" es.text="Señal posición real" default="off" value_off="" value_on="hazard" match="keyvalue!" />	
					<key key="hazard" value="cyclists" />	
					<combo key="layer" text="Layer where it is this traffic sign (bottom to top)" ca.text="Posició en la que està aquest senyal de trànsit (de baix a dalt)" es.text="Posición en la que está la señal de tráfico (de abajo a arriba)" values="1,2,3,4,5,6,7,8,9,10" ca.display_values="1,2,3,4,5,6,7,8,9,10" es.display_values="1,2,3,4,5,6,7,8,9,10" default="1" />
					<combo key="direction" text="Direction of the traffic sign vs. way" ca.text="Direcció del senyal vs. via" es.text="Lado de la señal vs. vía" values="forward,backward,90,270" es.display_values="En el sentido de la marcha,En sentido contrario al de la marcha,90 grados sentido horario,270 grados sentido horario" ca.display_values="En sentit de la marxa,En sentit contrari a la marxa,90º sentit horari,270º sentit horari"  default="forward"/>
					<text key="description" text="Specify other information if you need it" ca.text="Especifica una altra informació si és necessari" es.text="Especifica otra información si es necesario"/>
					</item>
					
					<item name="Cross" ca.name="Encreuament amb prioritat" es.name="Cruce con prioridad" fr.name="Croisement" icon="traffic_signs/ALL/ES_P1.png" type="node,way,relation">
					<check key="traffic_sign" text="Traffic sign real position" ca.text="Senyal posició real" es.text="Señal posición real" default="off" value_off="" value_on="hazard" match="keyvalue!" />
					<key key="hazard" value="dangerous_junction" />	
					<combo key="layer" text="Layer where it is this traffic sign (bottom to top)" ca.text="Posició en la que està aquest senyal de trànsit (de baix a dalt)" es.text="Posición en la que está la señal de tráfico (de abajo a arriba)" values="1,2,3,4,5,6,7,8,9,10" ca.display_values="1,2,3,4,5,6,7,8,9,10" es.display_values="1,2,3,4,5,6,7,8,9,10" default="1" />
					<combo key="direction" text="Direction of the traffic sign vs. way" ca.text="Direcció del senyal vs. via" es.text="Lado de la señal vs. vía" values="forward,backward,90,270" es.display_values="En el sentido de la marcha,En sentido contrario al de la marcha,90 grados sentido horario,270 grados sentido horario" ca.display_values="En sentit de la marxa,En sentit contrari a la marxa,90º sentit horari,270º sentit horari"  default="forward"/>
					<text key="description" text="Specify other information if you need it" ca.text="Especifica una altra informació si és necessari" es.text="Especifica otra información si es necesario"/>
					</item>
					
					<item name="Risk of falling rocks" ca.name="Desprendiments" es.name="Desprendimientos" icon="traffic_signs/ALL/ES_P26.png" type="node,way,relation">
					<check key="traffic_sign" text="Traffic sign real position" ca.text="Senyal posició real" es.text="Señal posición real" default="off" value_off="" value_on="hazard" match="keyvalue!" />	
					<key key="hazard" value="falling_rocks" />	
					<combo key="layer" text="Layer where it is this traffic sign (bottom to top)" ca.text="Posició en la que està aquest senyal de trànsit (de baix a dalt)" es.text="Posición en la que está la señal de tráfico (de abajo a arriba)" values="1,2,3,4,5,6,7,8,9,10" ca.display_values="1,2,3,4,5,6,7,8,9,10" es.display_values="1,2,3,4,5,6,7,8,9,10" default="1" />
					<combo key="direction" text="Direction of the traffic sign vs. way" ca.text="Direcció del senyal vs. via" es.text="Lado de la señal vs. vía" values="forward,backward,90,270" es.display_values="En el sentido de la marcha,En sentido contrario al de la marcha,90 grados sentido horario,270 grados sentido horario" ca.display_values="En sentit de la marxa,En sentit contrari a la marxa,90º sentit horari,270º sentit horari"  default="forward"/>
					<text key="description" text="Specify other information if you need it" ca.text="Especifica una altra informació si és necessari" es.text="Especifica otra información si es necesario"/>
					</item> 
					
					<item name="Frost Heave" ca.name="Congelació" es.name="Congelación" icon="traffic_signs/ALL/ALL_hazard_frost_heaves.svg" type="node,way,relation">
					<check key="traffic_sign" text="Traffic sign real position" ca.text="Senyal posició real" es.text="Señal posición real" default="off" value_off="" value_on="hazard" match="keyvalue!" />	
					<key key="hazard" value="frost_heave" />	
					<combo key="layer" text="Layer where it is this traffic sign (bottom to top)" ca.text="Posició en la que està aquest senyal de trànsit (de baix a dalt)" es.text="Posición en la que está la señal de tráfico (de abajo a arriba)" values="1,2,3,4,5,6,7,8,9,10" ca.display_values="1,2,3,4,5,6,7,8,9,10" es.display_values="1,2,3,4,5,6,7,8,9,10" default="1" />
					<combo key="direction" text="Direction of the traffic sign vs. way" ca.text="Direcció del senyal vs. via" es.text="Lado de la señal vs. vía" values="forward,backward,90,270" es.display_values="En el sentido de la marcha,En sentido contrario al de la marcha,90 grados sentido horario,270 grados sentido horario" ca.display_values="En sentit de la marxa,En sentit contrari a la marxa,90º sentit horari,270º sentit horari"  default="forward"/>
					<text key="description" text="Specify other information if you need it" ca.text="Especifica una altra informació si és necessari" es.text="Especifica otra información si es necesario"/>
					</item> 
					
					<item name="Horse riders" ca.name="Gent muntant a cavall" es.name="Gente montando a caballo" icon="traffic_signs/ALL/ALL_hazard_horse_riders.png" type="node,way,relation">
					<check key="traffic_sign" text="Traffic sign real position" ca.text="Senyal posició real" es.text="Señal posición real" default="off" value_off="" value_on="hazard" match="keyvalue!" />	
					<key key="hazard" value="horse_riders" />	
					<combo key="layer" text="Layer where it is this traffic sign (bottom to top)" ca.text="Posició en la que està aquest senyal de trànsit (de baix a dalt)" es.text="Posición en la que está la señal de tráfico (de abajo a arriba)" values="1,2,3,4,5,6,7,8,9,10" ca.display_values="1,2,3,4,5,6,7,8,9,10" es.display_values="1,2,3,4,5,6,7,8,9,10" default="1" />
					<combo key="direction" text="Direction of the traffic sign vs. way" ca.text="Direcció del senyal vs. via" es.text="Lado de la señal vs. vía" values="forward,backward,90,270" es.display_values="En el sentido de la marcha,En sentido contrario al de la marcha,90 grados sentido horario,270 grados sentido horario" ca.display_values="En sentit de la marxa,En sentit contrari a la marxa,90º sentit horari,270º sentit horari"  default="forward"/>
					<text key="description" text="Specify other information if you need it" ca.text="Especifica una altra informació si és necessari" es.text="Especifica otra información si es necesario"/>
					</item>

					<item name="Ice on road" ca.name="Gel" es.name="Hielo" icon="traffic_signs/ALL/ES_P34.png" type="node,way,relation">
					<check key="traffic_sign" text="Traffic sign real position" ca.text="Senyal posició real" es.text="Señal posición real" default="off" value_off="" value_on="hazard" match="keyvalue!" />
					<key key="hazard" value="ice" />	
					<combo key="layer" text="Layer where it is this traffic sign (bottom to top)" ca.text="Posició en la que està aquest senyal de trànsit (de baix a dalt)" es.text="Posición en la que está la señal de tráfico (de abajo a arriba)" values="1,2,3,4,5,6,7,8,9,10" ca.display_values="1,2,3,4,5,6,7,8,9,10" es.display_values="1,2,3,4,5,6,7,8,9,10" default="1" />
					<combo key="direction" text="Direction of the traffic sign vs. way" ca.text="Direcció del senyal vs. via" es.text="Lado de la señal vs. vía" values="forward,backward,90,270" es.display_values="En el sentido de la marcha,En sentido contrario al de la marcha,90 grados sentido horario,270 grados sentido horario" ca.display_values="En sentit de la marxa,En sentit contrari a la marxa,90º sentit horari,270º sentit horari"  default="forward"/>
					<text key="description" text="Specify other information if you need it" ca.text="Especifica una altra informació si és necessari" es.text="Especifica otra información si es necesario"/>
					</item> 

					<item name="Landslide" ca.name="Corriment de terres" es.name="Corrimiento de tierras" icon="traffic_signs/ALL/ES_P50.png" type="node,way,relation">
					<check key="traffic_sign" text="Traffic sign real position" ca.text="Senyal posició real" es.text="Señal posición real" default="off" value_off="" value_on="hazard" match="keyvalue!" />
					<key key="hazard" value="landslide" />	
					<combo key="layer" text="Layer where it is this traffic sign (bottom to top)" ca.text="Posició en la que està aquest senyal de trànsit (de baix a dalt)" es.text="Posición en la que está la señal de tráfico (de abajo a arriba)" values="1,2,3,4,5,6,7,8,9,10" ca.display_values="1,2,3,4,5,6,7,8,9,10" es.display_values="1,2,3,4,5,6,7,8,9,10" default="1" />
					<combo key="direction" text="Direction of the traffic sign vs. way" ca.text="Direcció del senyal vs. via" es.text="Lado de la señal vs. vía" values="forward,backward,90,270" es.display_values="En el sentido de la marcha,En sentido contrario al de la marcha,90 grados sentido horario,270 grados sentido horario" ca.display_values="En sentit de la marxa,En sentit contrari a la marxa,90º sentit horari,270º sentit horari"  default="forward"/>
					<text key="description" text="Specify other information if you need it" ca.text="Especifica una altra informació si és necessari" es.text="Especifica otra información si es necesario"/>
					</item> 

					<item name="Loose gravel" ca.name="Grava sense compactar" es.name="Gravilla suelta" icon="traffic_signs/ALL/ES_P28.png" type="node,way,relation">
					<check key="traffic_sign" text="Traffic sign real position" ca.text="Senyal posició real" es.text="Señal posición real" default="off" value_off="" value_on="hazard" match="keyvalue!" />	
					<key key="hazard" value="loose_gravel" />	
					<combo key="layer" text="Layer where it is this traffic sign (bottom to top)" ca.text="Posició en la que està aquest senyal de trànsit (de baix a dalt)" es.text="Posición en la que está la señal de tráfico (de abajo a arriba)" values="1,2,3,4,5,6,7,8,9,10" ca.display_values="1,2,3,4,5,6,7,8,9,10" es.display_values="1,2,3,4,5,6,7,8,9,10" default="1" />
					<combo key="direction" text="Direction of the traffic sign vs. way" ca.text="Direcció del senyal vs. via" es.text="Lado de la señal vs. vía" values="forward,backward,90,270" es.display_values="En el sentido de la marcha,En sentido contrario al de la marcha,90 grados sentido horario,270 grados sentido horario" ca.display_values="En sentit de la marxa,En sentit contrari a la marxa,90º sentit horari,270º sentit horari"  default="forward"/>
					<text key="description" text="Specify other information if you need it" ca.text="Especifica una altra informació si és necessari" es.text="Especifica otra información si es necesario"/>
					</item> 

					<item name="Low flying aircraft" ca.name="Aeródrom de vol baix" fr.name="Aeródromo de vuelo bajo" es.name="Aeropuerto" icon="traffic_signs/ALL/ES_P12.png" type="node,way,relation">
					<check key="traffic_sign" text="Traffic sign real position" ca.text="Senyal posició real" es.text="Señal posición real" default="off" value_off="" value_on="hazard" match="keyvalue!" />
					<key key="hazard" value="low_flying_aircraft" />	
					<combo key="layer" text="Layer where it is this traffic sign (bottom to top)" ca.text="Posició en la que està aquest senyal de trànsit (de baix a dalt)" es.text="Posición en la que está la señal de tráfico (de abajo a arriba)" values="1,2,3,4,5,6,7,8,9,10" ca.display_values="1,2,3,4,5,6,7,8,9,10" es.display_values="1,2,3,4,5,6,7,8,9,10" default="1" />
					<combo key="direction" text="Direction of the traffic sign vs. way" ca.text="Direcció del senyal vs. via" es.text="Lado de la señal vs. vía" values="forward,backward,90,270" es.display_values="En el sentido de la marcha,En sentido contrario al de la marcha,90 grados sentido horario,270 grados sentido horario" ca.display_values="En sentit de la marxa,En sentit contrari a la marxa,90º sentit horari,270º sentit horari"  default="forward"/>
					<text key="description" text="Specify other information if you need it" ca.text="Especifica una altra informació si és necessari" es.text="Especifica otra información si es necesario"/>
					</item>
					
					<item name="Pedestrians" ca.name="Vianants" es.name="Peatones" icon="traffic_signs/ALL/ES_P20.png" type="node,way,relation">
					<check key="traffic_sign" text="Traffic sign real position" ca.text="Senyal posició real" es.text="Señal posición real" default="off" value_off="" value_on="hazard" match="keyvalue!" />	
					<key key="hazard" value="pedestrians" />	
					<combo key="layer" text="Layer where it is this traffic sign (bottom to top)" ca.text="Posició en la que està aquest senyal de trànsit (de baix a dalt)" es.text="Posición en la que está la señal de tráfico (de abajo a arriba)" values="1,2,3,4,5,6,7,8,9,10" ca.display_values="1,2,3,4,5,6,7,8,9,10" es.display_values="1,2,3,4,5,6,7,8,9,10" default="1" />
					<combo key="direction" text="Direction of the traffic sign vs. way" ca.text="Direcció del senyal vs. via" es.text="Lado de la señal vs. vía" values="forward,backward,90,270" es.display_values="En el sentido de la marcha,En sentido contrario al de la marcha,90 grados sentido horario,270 grados sentido horario" ca.display_values="En sentit de la marxa,En sentit contrari a la marxa,90º sentit horari,270º sentit horari"  default="forward"/>
					<text key="description" text="Specify other information if you need it" ca.text="Especifica una altra informació si és necessari" es.text="Especifica otra información si es necesario"/>
					</item> 

					<item name="Queues likely" ca.name="Congestió" de.name="Stau" es.name="Congestión" icon="traffic_signs/ALL/ES_P31.png" type="node,way,relation">
					<check key="traffic_sign" text="Traffic sign real position" ca.text="Senyal posició real" es.text="Señal posición real" default="off" value_off="" value_on="hazard" match="keyvalue!" />
					<key key="hazard" value="queues_likely" />	
					<combo key="layer" text="Layer where it is this traffic sign (bottom to top)" ca.text="Posició en la que està aquest senyal de trànsit (de baix a dalt)" es.text="Posición en la que está la señal de tráfico (de abajo a arriba)" values="1,2,3,4,5,6,7,8,9,10" ca.display_values="1,2,3,4,5,6,7,8,9,10" es.display_values="1,2,3,4,5,6,7,8,9,10" default="1" />
					<combo key="direction" text="Direction of the traffic sign vs. way" ca.text="Direcció del senyal vs. via" es.text="Lado de la señal vs. vía" values="forward,backward,90,270" es.display_values="En el sentido de la marcha,En sentido contrario al de la marcha,90 grados sentido horario,270 grados sentido horario" ca.display_values="En sentit de la marxa,En sentit contrari a la marxa,90º sentit horari,270º sentit horari"  default="forward"/>
					<text key="description" text="Specify other information if you need it" ca.text="Especifica una altra informació si és necessari" es.text="Especifica otra información si es necesario"/>
					</item>
					
					<item name="School zone" ca.name="Escola" es.name="Escuela" icon="traffic_signs/ALL/ES_P21.png" type="node,way,relation">
					<check key="traffic_sign" text="Traffic sign real position" ca.text="Senyal posició real" es.text="Señal posición real" default="off" value_off="" value_on="hazard" match="keyvalue!" />
					<key key="hazard" value="school_zone" />					
					<combo key="layer" text="Layer where it is this traffic sign (bottom to top)" ca.text="Posició en la que està aquest senyal de trànsit (de baix a dalt)" es.text="Posición en la que está la señal de tráfico (de abajo a arriba)" values="1,2,3,4,5,6,7,8,9,10" ca.display_values="1,2,3,4,5,6,7,8,9,10" es.display_values="1,2,3,4,5,6,7,8,9,10" default="1" />
					<combo key="direction" text="Direction of the traffic sign vs. way" ca.text="Direcció del senyal vs. via" es.text="Lado de la señal vs. vía" values="forward,backward,90,270" es.display_values="En el sentido de la marcha,En sentido contrario al de la marcha,90 grados sentido horario,270 grados sentido horario" ca.display_values="En sentit de la marxa,En sentit contrari a la marxa,90º sentit horari,270º sentit horari"  default="forward"/>
					<text key="description" text="Specify other information if you need it" ca.text="Especifica una altra informació si és necessari" es.text="Especifica otra información si es necesario"/>
					</item>
					
					<item name="Side winds" ca.name="Vent lateral" es.name="Viento lateral" fr.name="Vent latéral" icon="traffic_signs/ALL/ES_P29.png" type="node,way,relation">
					<check key="traffic_sign" text="Traffic sign real position" ca.text="Senyal posició real" es.text="Señal posición real" default="off" value_off="" value_on="hazard" match="keyvalue!" />
					<key key="hazard" value="side_winds" />					
					<combo key="layer" text="Layer where it is this traffic sign (bottom to top)" ca.text="Posició en la que està aquest senyal de trànsit (de baix a dalt)" es.text="Posición en la que está la señal de tráfico (de abajo a arriba)" values="1,2,3,4,5,6,7,8,9,10" ca.display_values="1,2,3,4,5,6,7,8,9,10" es.display_values="1,2,3,4,5,6,7,8,9,10" default="1" />
					<combo key="direction" text="Direction of the traffic sign vs. way" ca.text="Direcció del senyal vs. via" es.text="Lado de la señal vs. vía" values="forward,backward,90,270" es.display_values="En el sentido de la marcha,En sentido contrario al de la marcha,90 grados sentido horario,270 grados sentido horario" ca.display_values="En sentit de la marxa,En sentit contrari a la marxa,90º sentit horari,270º sentit horari"  default="forward"/>
					<text key="description" text="Specify other information if you need it" ca.text="Especifica una altra informació si és necessari" es.text="Especifica otra información si es necesario"/>
					</item>
					
					<item name="Slippery" ca.name="Paviment lliscant" es.name="Calzada deslizante" icon="traffic_signs/ALL/ES_P19.png" type="node,way,relation">
					<check key="traffic_sign" text="Traffic sign real position" ca.text="Senyal posició real" es.text="Señal posición real" default="off" value_off="" value_on="hazard" match="keyvalue!" />
					<key key="hazard" value="slippery" />					
					<combo key="layer" text="Layer where it is this traffic sign (bottom to top)" ca.text="Posició en la que està aquest senyal de trànsit (de baix a dalt)" es.text="Posición en la que está la señal de tráfico (de abajo a arriba)" values="1,2,3,4,5,6,7,8,9,10" ca.display_values="1,2,3,4,5,6,7,8,9,10" es.display_values="1,2,3,4,5,6,7,8,9,10" default="1" />
					<combo key="direction" text="Direction of the traffic sign vs. way" ca.text="Direcció del senyal vs. via" es.text="Lado de la señal vs. vía" values="forward,backward,90,270" es.display_values="En el sentido de la marcha,En sentido contrario al de la marcha,90 grados sentido horario,270 grados sentido horario" ca.display_values="En sentit de la marxa,En sentit contrari a la marxa,90º sentit horari,270º sentit horari"  default="forward"/>
					<text key="description" text="Specify other information if you need it" ca.text="Especifica una altra informació si és necessari" es.text="Especifica otra información si es necesario"/>
					</item> 
					
					<item name="Right turn" ca.name="Corba pronunciada a dreta" es.name="Curva pronunciada a derecha" icon="traffic_signs/ALL/ES_P13a.png" type="node,way,relation">
					<check key="traffic_sign" text="Traffic sign real position" ca.text="Senyal posició real" es.text="Señal posición real" default="off" value_off="" value_on="hazard" match="keyvalue!" />
					<key key="hazard" value="turn" />
					<key key="turn" value="right" />
					<combo key="layer" text="Layer where it is this traffic sign (bottom to top)" ca.text="Posició en la que està aquest senyal de trànsit (de baix a dalt)" es.text="Posición en la que está la señal de tráfico (de abajo a arriba)" values="1,2,3,4,5,6,7,8,9,10" ca.display_values="1,2,3,4,5,6,7,8,9,10" es.display_values="1,2,3,4,5,6,7,8,9,10" default="1" />					
					<combo key="direction" text="Direction of the traffic sign vs. way" ca.text="Direcció del senyal vs. via" es.text="Lado de la señal vs. vía" values="forward,backward,90,270" es.display_values="En el sentido de la marcha,En sentido contrario al de la marcha,90 grados sentido horario,270 grados sentido horario" ca.display_values="En sentit de la marxa,En sentit contrari a la marxa,90º sentit horari,270º sentit horari"  default="forward"/>
					<text key="description" text="Specify other information if you need it" ca.text="Especifica una altra informació si és necessari" es.text="Especifica otra información si es necesario"/>
					</item>

					<item name="Left turn" ca.name="Corba pronunciada a esquerra" es.name="Curva pronunciada a izquierda" icon="traffic_signs/ALL/ES_P13b.png" type="node,way,relation">
					<check key="traffic_sign" text="Traffic sign real position" ca.text="Senyal posició real" es.text="Señal posición real" default="off" value_off="" value_on="hazard" match="keyvalue!" />
					<key key="hazard" value="turn" />
					<key key="turn" value="left" />					
					<combo key="layer" text="Layer where it is this traffic sign (bottom to top)" ca.text="Posició en la que està aquest senyal de trànsit (de baix a dalt)" es.text="Posición en la que está la señal de tráfico (de abajo a arriba)" values="1,2,3,4,5,6,7,8,9,10" ca.display_values="1,2,3,4,5,6,7,8,9,10" es.display_values="1,2,3,4,5,6,7,8,9,10" default="1" />
					<combo key="direction" text="Direction of the traffic sign vs. way" ca.text="Direcció del senyal vs. via" es.text="Lado de la señal vs. vía" values="forward,backward,90,270" es.display_values="En el sentido de la marcha,En sentido contrario al de la marcha,90 grados sentido horario,270 grados sentido horario" ca.display_values="En sentit de la marxa,En sentit contrari a la marxa,90º sentit horari,270º sentit horari"  default="forward"/>
					<text key="description" text="Specify other information if you need it" ca.text="Especifica una altra informació si és necessari" es.text="Especifica otra información si es necesario"/>
					</item>
					
					<item name="Turns" ca.name="Corbes pronunciades" es.name="Curvas pronunciadas" icon="traffic_signs/ALL/ES_P14a.png" type="node,way,relation">
					<check key="traffic_sign" text="Traffic sign real position" ca.text="Senyal posició real" es.text="Señal posición real" default="off" value_off="" value_on="hazard" match="keyvalue!" />
					<key key="hazard" value="turns" />
					<key key="curve" value="left" />					
					<combo key="layer" text="Layer where it is this traffic sign (bottom to top)" ca.text="Posició en la que està aquest senyal de trànsit (de baix a dalt)" es.text="Posición en la que está la señal de tráfico (de abajo a arriba)" values="1,2,3,4,5,6,7,8,9,10" ca.display_values="1,2,3,4,5,6,7,8,9,10" es.display_values="1,2,3,4,5,6,7,8,9,10" default="1" />
					<combo key="direction" text="Direction of the traffic sign vs. way" ca.text="Direcció del senyal vs. via" es.text="Lado de la señal vs. vía" values="forward,backward,90,270" es.display_values="En el sentido de la marcha,En sentido contrario al de la marcha,90 grados sentido horario,270 grados sentido horario" ca.display_values="En sentit de la marxa,En sentit contrari a la marxa,90º sentit horari,270º sentit horari"  default="forward"/>
					<text key="description" text="Specify other information if you need it" ca.text="Especifica una altra informació si és necessari" es.text="Especifica otra información si es necesario"/>
					</item>
					
					<item name="Damaged road" ca.name="Ferm irregular" es.name="Firme irregular" icon="traffic_signs/ALL/ES_P15.png" type="node,way,relation">
					<check key="traffic_sign" text="Traffic sign real position" ca.text="Senyal posició real" es.text="Señal posición real" default="off" value_off="" value_on="hazard" match="keyvalue!" />
					<key key="hazard" value="damaged_road" />					
					<combo key="layer" text="Layer where it is this traffic sign (bottom to top)" ca.text="Posició en la que està aquest senyal de trànsit (de baix a dalt)" es.text="Posición en la que está la señal de tráfico (de abajo a arriba)" values="1,2,3,4,5,6,7,8,9,10" ca.display_values="1,2,3,4,5,6,7,8,9,10" es.display_values="1,2,3,4,5,6,7,8,9,10" default="1" />
					<combo key="direction" text="Direction of the traffic sign vs. way" ca.text="Direcció del senyal vs. via" es.text="Lado de la señal vs. vía" values="forward,backward,90,270" es.display_values="En el sentido de la marcha,En sentido contrario al de la marcha,90 grados sentido horario,270 grados sentido horario" ca.display_values="En sentit de la marxa,En sentit contrari a la marxa,90º sentit horari,270º sentit horari"  default="forward"/>
					<text key="description" text="Specify other information if you need it" ca.text="Especifica una altra informació si és necessari" es.text="Especifica otra información si es necesario"/>
					</item> 

					<item name="Emergency vehicles" ca.name="Vehicles d'emergència" es.name="Vehículos de emergencia" icon="traffic_signs/ALL/ES_P50.png" type="node,way,relation">
					<check key="traffic_sign" text="Traffic sign real position" ca.text="Senyal posició real" es.text="Señal posición real" default="off" value_off="" value_on="hazard" match="keyvalue!" />
					<key key="hazard" value="emergency_vehicles" />	
					<combo key="layer" text="Layer where it is this traffic sign (bottom to top)" ca.text="Posició en la que està aquest senyal de trànsit (de baix a dalt)" es.text="Posición en la que está la señal de tráfico (de abajo a arriba)" values="1,2,3,4,5,6,7,8,9,10" ca.display_values="1,2,3,4,5,6,7,8,9,10" es.display_values="1,2,3,4,5,6,7,8,9,10" default="1" />
					<combo key="direction" text="Direction of the traffic sign vs. way" ca.text="Direcció del senyal vs. via" es.text="Lado de la señal vs. vía" values="forward,backward,90,270" es.display_values="En el sentido de la marcha,En sentido contrario al de la marcha,90 grados sentido horario,270 grados sentido horario" ca.display_values="En sentit de la marxa,En sentit contrari a la marxa,90º sentit horari,270º sentit horari"  default="forward"/>
					<text key="description" text="Specify other information if you need it" ca.text="Especifica una altra informació si és necessari" es.text="Especifica otra información si es necesario"/>
					</item> 

					<item name="Falling trees" ca.name="Arbres caient" es.name="Árboles cayendo" icon="traffic_signs/ALL/ES_P50.png" type="node,way,relation">
					<check key="traffic_sign" text="Traffic sign real position" ca.text="Senyal posició real" es.text="Señal posición real" default="off" value_off="" value_on="hazard" match="keyvalue!" />
					<key key="hazard" value="falling_trees" />	
					<combo key="layer" text="Layer where it is this traffic sign (bottom to top)" ca.text="Posició en la que està aquest senyal de trànsit (de baix a dalt)" es.text="Posición en la que está la señal de tráfico (de abajo a arriba)" values="1,2,3,4,5,6,7,8,9,10" ca.display_values="1,2,3,4,5,6,7,8,9,10" es.display_values="1,2,3,4,5,6,7,8,9,10" default="1" />
					<combo key="direction" text="Direction of the traffic sign vs. way" ca.text="Direcció del senyal vs. via" es.text="Lado de la señal vs. vía" values="forward,backward,90,270" es.display_values="En el sentido de la marcha,En sentido contrario al de la marcha,90 grados sentido horario,270 grados sentido horario" ca.display_values="En sentit de la marxa,En sentit contrari a la marxa,90º sentit horari,270º sentit horari"  default="forward"/>
					<text key="description" text="Specify other information if you need it" ca.text="Especifica una altra informació si és necessari" es.text="Especifica otra información si es necesario"/>
					</item>
					
					<item name="Fog" ca.name="Boira" es.name="Niebla" icon="traffic_signs/ALL/ES_P33.png" type="node,way,relation">
					<check key="traffic_sign" text="Traffic sign real position" ca.text="Senyal posició real" es.text="Señal posición real" default="off" value_off="" value_on="hazard" match="keyvalue!" />
					<key key="hazard" value="fog" />	
					<combo key="layer" text="Layer where it is this traffic sign (bottom to top)" ca.text="Posició en la que està aquest senyal de trànsit (de baix a dalt)" es.text="Posición en la que está la señal de tráfico (de abajo a arriba)" values="1,2,3,4,5,6,7,8,9,10" ca.display_values="1,2,3,4,5,6,7,8,9,10" es.display_values="1,2,3,4,5,6,7,8,9,10" default="1" />
					<combo key="direction" text="Direction of the traffic sign vs. way" ca.text="Direcció del senyal vs. via" es.text="Lado de la señal vs. vía" values="forward,backward,90,270" es.display_values="En el sentido de la marcha,En sentido contrario al de la marcha,90 grados sentido horario,270 grados sentido horario" ca.display_values="En sentit de la marxa,En sentit contrari a la marxa,90º sentit horari,270º sentit horari"  default="forward"/>
					<text key="description" text="Specify other information if you need it" ca.text="Especifica una altra informació si és necessari" es.text="Especifica otra información si es necesario"/>
					</item>
					
					<item name="Frail pedestrians" ca.name="Gent gran" es.name="Gente mayor" icon="traffic_signs/ALL/ES_P21b.png" type="node,way,relation">
					<check key="traffic_sign" text="Traffic sign real position" ca.text="Senyal posició real" es.text="Señal posición real" default="off" value_off="" value_on="hazard" match="keyvalue!" />
					<key key="hazard" value="frail_pedestrians" />	
					<combo key="layer" text="Layer where it is this traffic sign (bottom to top)" ca.text="Posició en la que està aquest senyal de trànsit (de baix a dalt)" es.text="Posición en la que está la señal de tráfico (de abajo a arriba)" values="1,2,3,4,5,6,7,8,9,10" ca.display_values="1,2,3,4,5,6,7,8,9,10" es.display_values="1,2,3,4,5,6,7,8,9,10" default="1" />
					<combo key="direction" text="Direction of the traffic sign vs. way" ca.text="Direcció del senyal vs. via" es.text="Lado de la señal vs. vía" values="forward,backward,90,270" es.display_values="En el sentido de la marcha,En sentido contrario al de la marcha,90 grados sentido horario,270 grados sentido horario" ca.display_values="En sentit de la marxa,En sentit contrari a la marxa,90º sentit horari,270º sentit horari"  default="forward"/>
					<text key="description" text="Specify other information if you need it" ca.text="Especifica una altra informació si és necessari" es.text="Especifica otra información si es necesario"/>
					</item>
					
					<item name="Ground clearance" ca.name="Xoc de baixos" es.name="Choque de bajos" icon="traffic_signs/ALL/ES_P50.png" type="node,way,relation">
					<check key="traffic_sign" text="Traffic sign real position" ca.text="Senyal posició real" es.text="Señal posición real" default="off" value_off="" value_on="hazard" match="keyvalue!" />
					<key key="hazard" value="ground_clearance" />	
					<combo key="layer" text="Layer where it is this traffic sign (bottom to top)" ca.text="Posició en la que està aquest senyal de trànsit (de baix a dalt)" es.text="Posición en la que está la señal de tráfico (de abajo a arriba)" values="1,2,3,4,5,6,7,8,9,10" ca.display_values="1,2,3,4,5,6,7,8,9,10" es.display_values="1,2,3,4,5,6,7,8,9,10" default="1" />
					<combo key="direction" text="Direction of the traffic sign vs. way" ca.text="Direcció del senyal vs. via" es.text="Lado de la señal vs. vía" values="forward,backward,90,270" es.display_values="En el sentido de la marcha,En sentido contrario al de la marcha,90 grados sentido horario,270 grados sentido horario" ca.display_values="En sentit de la marxa,En sentit contrari a la marxa,90º sentit horari,270º sentit horari"  default="forward"/>
					<text key="description" text="Specify other information if you need it" ca.text="Especifica una altra informació si és necessari" es.text="Especifica otra información si es necesario"/>
					</item>
					
					<item name="Illegal crossing" ca.name="Creuament il·legal" es.name="Cruce ilegal" icon="traffic_signs/ALL/ES_P50.png" type="node,way,relation">
					<check key="traffic_sign" text="Traffic sign real position" ca.text="Senyal posició real" es.text="Señal posición real" default="off" value_off="" value_on="hazard" match="keyvalue!" />
					<key key="hazard" value="illegal_crossing" />	
					<combo key="direction" text="Direction of the traffic sign vs. way" ca.text="Direcció del senyal vs. via" es.text="Lado de la señal vs. vía" values="forward,backward,90,270" es.display_values="En el sentido de la marcha,En sentido contrario al de la marcha,90 grados sentido horario,270 grados sentido horario" ca.display_values="En sentit de la marxa,En sentit contrari a la marxa,90º sentit horari,270º sentit horari"  default="forward"/>
					<text key="description" text="Specify other information if you need it" ca.text="Especifica una altra informació si és necessari" es.text="Especifica otra información si es necesario"/>
					</item>
					
					<item name="Pedestrian crossing" ca.name="Creuament vianants" es.name="Cruce peatones" icon="traffic_signs/ALL/ES_P20.png" type="node,way,relation">
					<check key="traffic_sign" text="Traffic sign real position" ca.text="Senyal posició real" es.text="Señal posición real" default="off" value_off="" value_on="hazard" match="keyvalue!" />
					<key key="hazard" value="pedestrian_crossing" />	
					<combo key="layer" text="Layer where it is this traffic sign (bottom to top)" ca.text="Posició en la que està aquest senyal de trànsit (de baix a dalt)" es.text="Posición en la que está la señal de tráfico (de abajo a arriba)" values="1,2,3,4,5,6,7,8,9,10" ca.display_values="1,2,3,4,5,6,7,8,9,10" es.display_values="1,2,3,4,5,6,7,8,9,10" default="1" />
					<combo key="direction" text="Direction of the traffic sign vs. way" ca.text="Direcció del senyal vs. via" es.text="Lado de la señal vs. vía" values="forward,backward,90,270" es.display_values="En el sentido de la marcha,En sentido contrario al de la marcha,90 grados sentido horario,270 grados sentido horario" ca.display_values="En sentit de la marxa,En sentit contrari a la marxa,90º sentit horari,270º sentit horari"  default="forward"/>
					<text key="description" text="Specify other information if you need it" ca.text="Especifica una altra informació si és necessari" es.text="Especifica otra información si es necesario"/>
					</item>
					
					<item name="Narrow road" ca.name="Estretament calçada" es.name="Estrechamiento calzada" fr.name="Route étroite" icon="traffic_signs/ALL/ES_P17.png" type="node,way,relation">
					<check key="traffic_sign" text="Traffic sign real position" ca.text="Senyal posició real" es.text="Señal posición real" default="off" value_off="" value_on="hazard" match="keyvalue!" />
					<key key="hazard" value="narrow" />	
					<combo key="layer" text="Layer where it is this traffic sign (bottom to top)" ca.text="Posició en la que està aquest senyal de trànsit (de baix a dalt)" es.text="Posición en la que está la señal de tráfico (de abajo a arriba)" values="1,2,3,4,5,6,7,8,9,10" ca.display_values="1,2,3,4,5,6,7,8,9,10" es.display_values="1,2,3,4,5,6,7,8,9,10" default="1" />
					<combo key="direction" text="Direction of the traffic sign vs. way" ca.text="Direcció del senyal vs. via" es.text="Lado de la señal vs. vía" values="forward,backward,90,270" es.display_values="En el sentido de la marcha,En sentido contrario al de la marcha,90 grados sentido horario,270 grados sentido horario" ca.display_values="En sentit de la marxa,En sentit contrari a la marxa,90º sentit horari,270º sentit horari"  default="forward"/>
					<text key="description" text="Specify other information if you need it" ca.text="Especifica una altra informació si és necessari" es.text="Especifica otra información si es necesario"/>
					</item> 
					
					<item name="Roundabout" ca.name="Rotonda" fr.name="Rond-Point"  es.name="Rotonda" icon="traffic_signs/ALL/ES_P4.png" type="node,way,relation">
					<check key="traffic_sign" text="Traffic sign real position" ca.text="Senyal posició real" es.text="Señal posición real" default="off" value_off="" value_on="hazard" match="keyvalue!" />
					<key key="hazard" value="roundabout" />	
					<combo key="layer" text="Layer where it is this traffic sign (bottom to top)" ca.text="Posició en la que està aquest senyal de trànsit (de baix a dalt)" es.text="Posición en la que está la señal de tráfico (de abajo a arriba)" values="1,2,3,4,5,6,7,8,9,10" ca.display_values="1,2,3,4,5,6,7,8,9,10" es.display_values="1,2,3,4,5,6,7,8,9,10" default="1" />
					<combo key="direction" text="Direction of the traffic sign vs. way" ca.text="Direcció del senyal vs. via" es.text="Lado de la señal vs. vía" values="forward,backward,90,270" es.display_values="En el sentido de la marcha,En sentido contrario al de la marcha,90 grados sentido horario,270 grados sentido horario" ca.display_values="En sentit de la marxa,En sentit contrari a la marxa,90º sentit horari,270º sentit horari"  default="forward"/>
					<text key="description" text="Specify other information if you need it" ca.text="Especifica una altra informació si és necessari" es.text="Especifica otra información si es necesario"/>
					</item>
					
					<item name="Traffic signals" ca.name="Semàfor" es.name="Semáforo" icon="traffic_signs/ALL/ES_P3.png" type="node,way,relation">
					<check key="traffic_sign" text="Traffic sign real position" ca.text="Senyal posició real" es.text="Señal posición real" default="off" value_off="" value_on="hazard" match="keyvalue!" />
					<key key="hazard" value="traffic_signals" />	
					<combo key="layer" text="Layer where it is this traffic sign (bottom to top)" ca.text="Posició en la que està aquest senyal de trànsit (de baix a dalt)" es.text="Posición en la que está la señal de tráfico (de abajo a arriba)" values="1,2,3,4,5,6,7,8,9,10" ca.display_values="1,2,3,4,5,6,7,8,9,10" es.display_values="1,2,3,4,5,6,7,8,9,10" default="1" />
					<combo key="direction" text="Direction of the traffic sign vs. way" ca.text="Direcció del senyal vs. via" es.text="Lado de la señal vs. vía" values="forward,backward,90,270" es.display_values="En el sentido de la marcha,En sentido contrario al de la marcha,90 grados sentido horario,270 grados sentido horario" ca.display_values="En sentit de la marxa,En sentit contrari a la marxa,90º sentit horari,270º sentit horari"  default="forward"/>
					<text key="description" text="Specify other information if you need it" ca.text="Especifica una altra informació si és necessari" es.text="Especifica otra información si es necesario"/>
					</item> 

			</group>
			
						<group name="Speed" ca.name="Velocitat" es.name="Velocidad" icon="traffic_signs/ALL/ES_R301_50.png">

				<item name="Maximum speed" ca.name="Velocitat màxima" es.name="Velocidad máxima" icon="traffic_signs/ALL/ES_R301_50.png" >
				<check key="traffic_sign" text="Traffic sign real position" ca.text="Senyal posició real" es.text="Señal posición real" default="off" value_off="" value_on="maxspeed" />
				<text key="source:maxspeed" text="Specify which is the source for the speed limit, ex: sign" ca.text="Especifica quina és la font de límit de velocitat, ex: sign" es.text="Especifica cual es la fuente del límite de velocidad, ej: sign" default="sign" />
				<text key="maxspeed" text="Specify maximum speed" ca.text="Especifica la velocitat màxima de la via " es.text="Especifica la velocidad máxima de la vía" />
				<text key="maxspeed:forward" text="Specify maximum speed forward" ca.text="Especifica la velocitat màxima del sentit de la via " es.text="A rellenar con la velocidad máxima del sentido de la vía" />
				<text key="maxspeed:backward" text="Specify maximum speed backward" ca.text="Especifica la velocitat del sentit contrari de la via" es.text="A rellenar con la velocidad máxima del sentido contrario de la vía" />
				<text key="maxspeed:conditional" text="Specify which is the condition for the speed limit" ca.text="Especifica quina és la condició de límit de velocitat" es.text="Especifica cual es la condición del límite de velocidad"/>
				<check key="highway" text="Speed camera?" ca.text="Radar Velocitat?" es.text="¿Radar velocidad?" default="off" value_off="" value_on="speed_camera" />
				<combo key="layer" text="Layer where it is this traffic sign (bottom to top)" ca.text="Posició en la que està aquest senyal de trànsit (de baix a dalt)" es.text="Posición en la que está la señal de tráfico (de abajo a arriba)" values="1,2,3,4,5,6,7,8,9,10" ca.display_values="1,2,3,4,5,6,7,8,9,10" es.display_values="1,2,3,4,5,6,7,8,9,10" default="1" />
				<combo key="direction" text="Direction of the traffic sign vs. way" ca.text="Direcció del senyal vs. via" es.text="Lado de la señal vs. vía" values="forward,backward,90,270" es.display_values="En el sentido de la marcha,En sentido contrario al de la marcha,90 grados sentido horario,270 grados sentido horario" ca.display_values="En sentit de la marxa,En sentit contrari a la marxa,90º sentit horari,270º sentit horari"  default="forward"/>
				<text key="description" text="Specify other information if you need it" ca.text="Especifica una altra informació si és necessari" es.text="Especifica otra información si es necesario"/>
				</item>  
				
				<item name="End maximum speed limit" ca.name="Fi límit velocitat" es.name="Fin límite velocidad" icon="traffic_signs/ALL/ES_R501.png" type="node,way,relation">
				<check key="traffic_sign" text="Traffic sign real position" ca.text="Senyal posició real" es.text="Señal posición real" default="off" value_off="" value_on="maxspeed" />
				<text key="source:maxspeed" text="Specify which is the source for the speed limit, ex: sign" ca.text="Especifica quina és la font de límit de velocitat, ex: sign" es.text="Especifica cual es la fuente del límite de velocidad, ej: sign" default="sign" />
				<check key="maxspeed" text="Mark if maxspeed limit ends" ca.text="Marca si s'acaba el límit de velocitat de la via" es.text="Marca si el límite de velocidad se acaba" default="off" value_off="" value_on="implicit" />
				<combo key="layer" text="Layer where it is this traffic sign (bottom to top)" ca.text="Posició en la que està aquest senyal de trànsit (de baix a dalt)" es.text="Posición en la que está la señal de tráfico (de abajo a arriba)" values="1,2,3,4,5,6,7,8,9,10" ca.display_values="1,2,3,4,5,6,7,8,9,10" es.display_values="1,2,3,4,5,6,7,8,9,10" default="1" />
				<combo key="direction" text="Direction of the traffic sign vs. way" ca.text="Direcció del senyal vs. via" es.text="Lado de la señal vs. vía" values="forward,backward,90,270" es.display_values="En el sentido de la marcha,En sentido contrario al de la marcha,90 grados sentido horario,270 grados sentido horario" ca.display_values="En sentit de la marxa,En sentit contrari a la marxa,90º sentit horari,270º sentit horari"  default="forward"/>
				<text key="description" text="Specify other information if you need it" ca.text="Especifica una altra informació si és necessari" es.text="Especifica otra información si es necesario"/>
				</item>

				<item name="Minimum speed" ca.name="Velocitat mínima" es.name="Velocidad mínima" icon="traffic_signs/ALL/ES_R411.png" type="node,way,relation">
				<check key="traffic_sign" text="Traffic sign real position" ca.text="Senyal posició real" es.text="Señal posición real" default="off" value_off="" value_on="minspeed" />
				<text key="source:maxspeed" text="Specify which is the source for the minimum speed limit, ex: sign" ca.text="Especifica quina és la font de límit de velocitat mínim, ex: sign" es.text="Especifica cual es la fuente del límite de velocidad mínima, ej: sign" default="sign" />
				<text key="minspeed" text="Specify minimum speed" ca.text="Especifica la velocitat mínima de la via " es.text="Especifica la velocidad mínima de la vía" />
				<text key="minspeed:forward" text="Specify minimum speed forward" ca.text="Especifica la velocitat mínima del sentit de la via " es.text="A rellenar con la velocidad mínima del sentido de la vía" />
				<text key="minspeed:backward" text="Specify minimum speed backward" ca.text="Especifica la velocitat mínima del sentit contrari de la via" es.text="A rellenar con la velocidad mínima del sentido contrario de la vía" />
				<text key="minspeed:conditional" text="Specify which is the condition for the minimum speed limit" ca.text="Especifica quina és la condició de límit de velocitat mínima" es.text="Especifica cual es la condición del límite de velocidad mínima"/>
				<combo key="layer" text="Layer where it is this traffic sign (bottom to top)" ca.text="Posició en la que està aquest senyal de trànsit (de baix a dalt)" es.text="Posición en la que está la señal de tráfico (de abajo a arriba)" values="1,2,3,4,5,6,7,8,9,10" ca.display_values="1,2,3,4,5,6,7,8,9,10" es.display_values="1,2,3,4,5,6,7,8,9,10" default="1" />
				<combo key="direction" text="Direction of the traffic sign vs. way" ca.text="Direcció del senyal vs. via" es.text="Lado de la señal vs. vía" values="forward,backward,90,270" es.display_values="En el sentido de la marcha,En sentido contrario al de la marcha,90 grados sentido horario,270 grados sentido horario" ca.display_values="En sentit de la marxa,En sentit contrari a la marxa,90º sentit horari,270º sentit horari"  default="forward"/>
				<text key="description" text="Specify other information if you need it" ca.text="Especifica una altra informació si és necessari" es.text="Especifica otra información si es necesario"/>
				</item>
				
				<item name="End minimum speed limit" ca.name="Fi velocitat mínima" es.name="Fin velocidad mínima" icon="traffic_signs/ALL/ES_R506.png" type="node,way,relation">
				<check key="traffic_sign" text="Traffic sign real position" ca.text="Senyal posició real" es.text="Señal posición real" default="off" value_off="" value_on="minspeed" />
				<text key="source:maxspeed" text="Specify which is the source for the minimum speed limit, ex: sign" ca.text="Especifica quina és la font de límit de velocitat mínim, ex: sign" es.text="Especifica cual es la fuente del límite de velocidad mínima, ej: sign" default="sign" />
				<check key="minspeed" text="Mark if minspeed limit ends" ca.text="Marca si s'acaba el límit de velocitat mínima de la via" es.text="Marca si el límite de velocidad mínima se acaba" default="off" value_off="" value_on="implicit" />
				<combo key="layer" text="Layer where it is this traffic sign (bottom to top)" ca.text="Posició en la que està aquest senyal de trànsit (de baix a dalt)" es.text="Posición en la que está la señal de tráfico (de abajo a arriba)" values="1,2,3,4,5,6,7,8,9,10" ca.display_values="1,2,3,4,5,6,7,8,9,10" es.display_values="1,2,3,4,5,6,7,8,9,10" default="1" />
				<combo key="direction" text="Direction of the traffic sign vs. way" ca.text="Direcció del senyal vs. via" es.text="Lado de la señal vs. vía" values="forward,backward,90,270" es.display_values="En el sentido de la marcha,En sentido contrario al de la marcha,90 grados sentido horario,270 grados sentido horario" ca.display_values="En sentit de la marxa,En sentit contrari a la marxa,90º sentit horari,270º sentit horari"  default="forward"/>
				<text key="description" text="Specify other information if you need it" ca.text="Especifica una altra informació si és necessari" es.text="Especifica otra información si es necesario"/>
				</item>
				
				<item name="Advisory maximum speed" ca.name="Velocitat màxima recomanada" es.name="Velocidad máxima recomendada" icon="traffic_signs/ALL/ES_S7.png" type="node,way,relation">
				<check key="traffic_sign" text="Traffic sign real position" ca.text="Senyal posició real" es.text="Señal posición real" default="off" value_off="" value_on="maxspeed:advisory" />
				<text key="source:maxspeed:advisory" text="Specify which is the source for the maximum advisory speed limit, ex: sign" ca.text="Especifica quina és la font de la velocitat recomanada, ex: sign" es.text="Especifica cual es la fuente de la velocidad recomendada, ej: sign" default="sign" />
				<text key="maxspeed:advisory" text="Specify advisory speed" ca.text="Velocitat recomanada" es.text="Velocidad recomendada"/>
				<combo key="layer" text="Layer where it is this traffic sign (bottom to top)" ca.text="Posició en la que està aquest senyal de trànsit (de baix a dalt)" es.text="Posición en la que está la señal de tráfico (de abajo a arriba)" values="1,2,3,4,5,6,7,8,9,10" ca.display_values="1,2,3,4,5,6,7,8,9,10" es.display_values="1,2,3,4,5,6,7,8,9,10" default="1" />
				<combo key="direction" text="Direction of the traffic sign vs. way" ca.text="Direcció del senyal vs. via" es.text="Lado de la señal vs. vía" values="forward,backward,90,270" es.display_values="En el sentido de la marcha,En sentido contrario al de la marcha,90 grados sentido horario,270 grados sentido horario" ca.display_values="En sentit de la marxa,En sentit contrari a la marxa,90º sentit horari,270º sentit horari"  default="forward"/>
				<text key="description" text="Specify other information if you need it" ca.text="Especifica una altra informació si és necessari" es.text="Especifica otra información si es necesario"/>
				</item>
				
				<item name="End Advisory maximum speed" ca.name="Final de velocitat màxima recomanada" es.name="Final de Velocidad máxima recomendada" icon="traffic_signs/ALL/ES_S8.png" type="node,way,relation">
				<check key="traffic_sign" text="Traffic sign real position" ca.text="Senyal posició real" es.text="Señal posición real" default="off" value_off="" value_on="maxspeed:advisory" />
				<text key="source:maxspeed:advisory" text="Specify which is the source for the maximum advisory speed limit, ex: sign" ca.text="Especifica quina és la font de la velocitat màxima recomanada, ex: sign" es.text="Especifica cual es la fuente de la velocidad máxima recomendada, ej: sign" default="sign" />
				<check key="maxspeed:advisory" text="Mark if maxspeed advisory limit ends" ca.text="Marca si s'acaba el límit de velocitat màxima recomanada de la via" es.text="Marca si el límite de velocidad máxima recomendada se acaba" default="off" value_off="" value_on="implicit" />
				<combo key="layer" text="Layer where it is this traffic sign (bottom to top)" ca.text="Posició en la que està aquest senyal de trànsit (de baix a dalt)" es.text="Posición en la que está la señal de tráfico (de abajo a arriba)" values="1,2,3,4,5,6,7,8,9,10" ca.display_values="1,2,3,4,5,6,7,8,9,10" es.display_values="1,2,3,4,5,6,7,8,9,10" default="1" />
				<combo key="direction" text="Direction of the traffic sign vs. way" ca.text="Direcció del senyal vs. via" es.text="Lado de la señal vs. vía" values="forward,backward,90,270" es.display_values="En el sentido de la marcha,En sentido contrario al de la marcha,90 grados sentido horario,270 grados sentido horario" ca.display_values="En sentit de la marxa,En sentit contrari a la marxa,90º sentit horari,270º sentit horari"  default="forward"/>
				<text key="description" text="Specify other information if you need it" ca.text="Especifica una altra informació si és necessari" es.text="Especifica otra información si es necesario"/>
				</item>
				
			</group>

			<group name="Regulatory" ca.name="Reglamentació" es.name="Reglamentación" icon="traffic_signs/ALL/ES_R100.png">
			
				<item name="No entry" ca.name="Entrada prohibida" es.name="Entrada prohibida" icon="traffic_signs/ALL/ES_R101.png" type="node,way,relation">
				<check key="traffic_sign" text="Traffic sign real position" ca.text="Senyal posició real" es.text="Señal posición real" default="off" value_off="" value_on="no_entry" />
				<combo key="layer" text="Layer where it is this traffic sign (bottom to top)" ca.text="Posició en la que està aquest senyal de trànsit (de baix a dalt)" es.text="Posición en la que está la señal de tráfico (de abajo a arriba)" values="1,2,3,4,5,6,7,8,9,10" ca.display_values="1,2,3,4,5,6,7,8,9,10" es.display_values="1,2,3,4,5,6,7,8,9,10" default="1" />
				<combo key="direction" text="Direction of the traffic sign vs. way" ca.text="Direcció del senyal vs. via" es.text="Lado de la señal vs. vía" values="forward,backward,90,270" es.display_values="En el sentido de la marcha,En sentido contrario al de la marcha,90 grados sentido horario,270 grados sentido horario" ca.display_values="En sentit de la marxa,En sentit contrari a la marxa,90º sentit horari,270º sentit horari"  default="backward"/>
				<text key="description" text="Specify other information if you need it" ca.text="Especifica una altra informació si és necessari" es.text="Especifica otra información si es necesario"/>
				</item>
				
				<item name="Maximum gross weight goods vehicles" ca.name="Pes màxim camions" es.name="Peso máximo camiones" icon="traffic_signs/ALL/ES_R107.png" >
				<check key="traffic_sign" text="Traffic sign real position" ca.text="Senyal posició real" es.text="Señal posición real" default="off" value_off="" value_on="maxweightrating" />
				<text key="maxweightrating:hgv" text="Specify the maximum gross weight" ca.text="Especifica el pes màxim autoritzat" es.text="Especifica el peso máximo autorizado" />
				<combo key="layer" text="Layer where it is this traffic sign (bottom to top)" ca.text="Posició en la que està aquest senyal de trànsit (de baix a dalt)" es.text="Posición en la que está la señal de tráfico (de abajo a arriba)" values="1,2,3,4,5,6,7,8,9,10" ca.display_values="1,2,3,4,5,6,7,8,9,10" es.display_values="1,2,3,4,5,6,7,8,9,10" default="1" />
				<combo key="direction" text="Direction of the traffic sign vs. way" ca.text="Direcció del senyal vs. via" es.text="Lado de la señal vs. vía" values="forward,backward,90,270" es.display_values="En el sentido de la marcha,En sentido contrario al de la marcha,90 grados sentido horario,270 grados sentido horario" ca.display_values="En sentit de la marxa,En sentit contrari a la marxa,90º sentit horari,270º sentit horari"  default="forward"/>
				<text key="description" text="Specify other information if you need it" ca.text="Especifica una altra informació si és necessari" es.text="Especifica otra información si es necesario"/>
				</item> 
				
				<item name="Maximum gross weight" ca.name="Pes màxim autoritzat" es.name="Peso máximo autorizado" icon="traffic_signs/ALL/ES_R201.png" >
				<check key="traffic_sign" text="Traffic sign real position" ca.text="Senyal posició real" es.text="Señal posición real" default="off" value_off="" value_on="maxweight" />
				<text key="maxweight" text="Specify the maximum gross weight of the vehicle" ca.text="Especifica el pes màxim autoritzat" es.text="Especifica el peso máximo autorizado"/>
				<combo key="layer" text="Layer where it is this traffic sign (bottom to top)" ca.text="Posició en la que està aquest senyal de trànsit (de baix a dalt)" es.text="Posición en la que está la señal de tráfico (de abajo a arriba)" values="1,2,3,4,5,6,7,8,9,10" ca.display_values="1,2,3,4,5,6,7,8,9,10" es.display_values="1,2,3,4,5,6,7,8,9,10" default="1" />
				<combo key="direction" text="Direction of the traffic sign vs. way" ca.text="Direcció del senyal vs. via" es.text="Lado de la señal vs. vía" values="forward,backward,90,270" es.display_values="En el sentido de la marcha,En sentido contrario al de la marcha,90 grados sentido horario,270 grados sentido horario" ca.display_values="En sentit de la marxa,En sentit contrari a la marxa,90º sentit horari,270º sentit horari"  default="forward"/>
				<text key="description" text="Specify other information if you need it" ca.text="Especifica una altra informació si és necessari" es.text="Especifica otra información si es necesario"/>
				</item>
				
				<item name="Maximum axle load" ca.name="Pes màxim autoritzat x eix" es.name="Peso máximo autorizado x eje" icon="traffic_signs/ALL/ES_R202.png" >
				<check key="traffic_sign" text="Traffic sign real position" ca.text="Senyal posició real" es.text="Señal posición real" default="off" value_off="" value_on="maxaxleload" />
				<text key="maxaxleload" text="Specify maximum load of axe" ca.text="Especifica el pes màxim autoritzat al remolc" es.text="Peso máximo autorizado en el remolque"/>
				<combo key="layer" text="Layer where it is this traffic sign (bottom to top)" ca.text="Posició en la que està aquest senyal de trànsit (de baix a dalt)" es.text="Posición en la que está la señal de tráfico (de abajo a arriba)" values="1,2,3,4,5,6,7,8,9,10" ca.display_values="1,2,3,4,5,6,7,8,9,10" es.display_values="1,2,3,4,5,6,7,8,9,10" default="1" />
				<combo key="direction" text="Direction of the traffic sign vs. way" ca.text="Direcció del senyal vs. via" es.text="Lado de la señal vs. vía" values="forward,backward,90,270" es.display_values="En el sentido de la marcha,En sentido contrario al de la marcha,90 grados sentido horario,270 grados sentido horario" ca.display_values="En sentit de la marxa,En sentit contrari a la marxa,90º sentit horari,270º sentit horari"  default="forward"/>
				<text key="description" text="Specify other information if you need it" ca.text="Especifica una altra informació si és necessari" es.text="Especifica otra información si es necesario"/>
				</item>
				
				<item name="Maximum length" ca.name="Llargada màxima" es.name="Largo máximo" icon="traffic_signs/ALL/ES_R203.png" >
				<text key="maxlength" text="Specify maximum length authorized" ca.text="Llarg màxim autoritzat" es.text="Largo máximo autorizado"/>
				<check key="traffic_sign" text="Traffic sign real position" ca.text="Senyal posició real" es.text="Señal posición real" default="off" value_off="" value_on="maxlength" />
				<combo key="layer" text="Layer where it is this traffic sign (bottom to top)" ca.text="Posició en la que està aquest senyal de trànsit (de baix a dalt)" es.text="Posición en la que está la señal de tráfico (de abajo a arriba)" values="1,2,3,4,5,6,7,8,9,10" ca.display_values="1,2,3,4,5,6,7,8,9,10" es.display_values="1,2,3,4,5,6,7,8,9,10" default="1" />
				<combo key="direction" text="Direction of the traffic sign vs. way" ca.text="Direcció del senyal vs. via" es.text="Lado de la señal vs. vía" values="forward,backward,90,270" es.display_values="En el sentido de la marcha,En sentido contrario al de la marcha,90 grados sentido horario,270 grados sentido horario" ca.display_values="En sentit de la marxa,En sentit contrari a la marxa,90º sentit horari,270º sentit horari" default="forward"/>
				<text key="description" text="Specify other information if you need it" ca.text="Especifica una altra informació si és necessari" es.text="Especifica otra información si es necesario"/>
				</item>
				
				<item name="Maximum width" ca.name="Amplada màxima" es.name="Ancho máximo" icon="traffic_signs/ALL/ES_R204.png" >
				<text key="maxwidth" text="Specify maximum width authorized" ca.text="Especifica l'ample màxim autoritzat" es.text="Especifica el ancho máximo autorizado"/>
				<check key="traffic_sign" text="Traffic sign real position" ca.text="Senyal posició real" es.text="Señal posición real" default="off" value_off="" value_on="maxwidth" />
				<combo key="layer" text="Layer where it is this traffic sign (bottom to top)" ca.text="Posició en la que està aquest senyal de trànsit (de baix a dalt)" es.text="Posición en la que está la señal de tráfico (de abajo a arriba)" values="1,2,3,4,5,6,7,8,9,10" ca.display_values="1,2,3,4,5,6,7,8,9,10" es.display_values="1,2,3,4,5,6,7,8,9,10" default="1" />
				<combo key="direction" text="Direction of the traffic sign vs. way" ca.text="Direcció del senyal vs. via" es.text="Lado de la señal vs. vía" values="forward,backward,90,270" es.display_values="En el sentido de la marcha,En sentido contrario al de la marcha,90 grados sentido horario,270 grados sentido horario" ca.display_values="En sentit de la marxa,En sentit contrari a la marxa,90º sentit horari,270º sentit horari"  default="forward"/>
				<text key="description" text="Specify other information if you need it" ca.text="Especifica una altra informació si és necessari" es.text="Especifica otra información si es necesario"/>
				</item>
				
				<item name="Maximum height" ca.name="Alçada màxima" es.name="Altura máxima" icon="traffic_signs/ALL/ES_R205.png" >
				<text key="maxwheight" text="Specify maximum height authorized" ca.text="Especifica l'alçada màxima autoritzada" es.text="Especifica la altura máxima autorizada" />
				<check key="traffic_sign" text="Traffic sign real position" ca.text="Senyal posició real" es.text="Señal posición real" default="off" value_off="" value_on="maxheight" />
				<combo key="layer" text="Layer where it is this traffic sign (bottom to top)" ca.text="Posició en la que està aquest senyal de trànsit (de baix a dalt)" es.text="Posición en la que está la señal de tráfico (de abajo a arriba)" values="1,2,3,4,5,6,7,8,9,10" ca.display_values="1,2,3,4,5,6,7,8,9,10" es.display_values="1,2,3,4,5,6,7,8,9,10" default="1" />
				<combo key="direction" text="Direction of the traffic sign vs. way" ca.text="Direcció del senyal vs. via" es.text="Lado de la señal vs. vía" values="forward,backward,90,270" es.display_values="En el sentido de la marcha,En sentido contrario al de la marcha,90 grados sentido horario,270 grados sentido horario" ca.display_values="En sentit de la marxa,En sentit contrari a la marxa,90º sentit horari,270º sentit horari"  default="forward"/>
				<text key="description" text="Specify other information if you need it" ca.text="Especifica una altra informació si és necessari" es.text="Especifica otra información si es necesario"/>
				</item>
				
				<item name="No overtaking" ca.name="Prohibit fer avançaments" es.name="Prohibido adelantar" icon="traffic_signs/ALL/ES_R305.png">
				<combo text="Overtaking allowed?" ca.text="Avançaments permesos?" es.text="¿Adelantamientos permitidos?" key="overtaking" values="yes,no,both,forward,backward" ca.display_values="Sí,No,Ambdós,Sentit via, Sentit contrari" es.display_values="Sí,No,Ambos,Sentido vía, Sentido contrario" default="no" />
				<combo text="Easy?" ca.text="Avançament fàcil?" es.text="¿Adelantamientos fáciles?" key="easy_overtaking" values="both,forward,backward" ca.display_values="Ambdós,Sentit via, Sentit contrari" es.display_values="Ambos,Sentido vía, Sentido contrario" default="no" />
				<check key="overtaking:hgv" text="No goods vehiclex overtaking" ca.text="Prohibit avançar pels camions" es.text="Prohibido adelantar para camiones" value_on="no" default="off" value_off="" />
				<text key="overtaking:hgv:conditional" text="Restricted condition to overtaking hgv" ca.text="Especifica condicions per permetre l'avançament amb camions" es.text="Especifica condiciones para permitir el adelantamiento con camiones" />
				<check key="traffic_sign" text="Traffic sign real position" ca.text="Senyal posició real" es.text="Señal posición real" default="off" value_off="" value_on="overtaking" />
				<combo key="layer" text="Layer where it is this traffic sign (bottom to top)" ca.text="Posició en la que està aquest senyal de trànsit (de baix a dalt)" es.text="Posición en la que está la señal de tráfico (de abajo a arriba)" values="1,2,3,4,5,6,7,8,9,10" ca.display_values="1,2,3,4,5,6,7,8,9,10" es.display_values="1,2,3,4,5,6,7,8,9,10" default="1" />
				<combo key="direction" text="Direction of the traffic sign vs. way" ca.text="Direcció del senyal vs. via" es.text="Lado de la señal vs. vía" values="forward,backward,90,270" es.display_values="En el sentido de la marcha,En sentido contrario al de la marcha,90 grados sentido horario,270 grados sentido horario" ca.display_values="En sentit de la marxa,En sentit contrari a la marxa,90º sentit horari,270º sentit horari"  default="forward"/>
				<text key="description" text="Specify other information if you need it" ca.text="Especifica una altra informació si és necessari" es.text="Especifica otra información si es necesario"/>
				</item>
				
				<item name="End of No overtaking" ca.name="Final de prohibició de fer avançaments" es.name="Final de prohibición de adelantar" icon="traffic_signs/ALL/ES_R502.png">
				<combo text="Overtaking allowed?" ca.text="Avançaments permesos?" es.text="¿Adelantamientos permitidos?" key="overtaking" values="yes,implicit,no,both,forward,backward" ca.display_values="Sí,Final prohibició,No,Ambdós,Sentit via, Sentit contrari" es.display_values="Sí,Final prohibición,No,Ambos,Sentido vía, Sentido contrario" default="implicit" />
				<combo text="Easy?" ca.text="Avançament fàcil?" es.text="¿Adelantamientos fáciles?" key="easy_overtaking" values="both,forward,backward" ca.display_values="Ambdós,Sentit via, Sentit contrari" es.display_values="Ambos,Sentido vía, Sentido contrario" default="no" />
				<check key="overtaking:hgv" text="No goods vehicle overtaking?" ca.text="Prohibit avançar pels camions?" es.text="Prohibido adelantar para camiones?" value_on="yes" default="off" value_off="" />
				<text key="overtaking:hgv:conditional" text="Restricted condition to overtaking hgv" ca.text="Especifica condicions per permetre l'avançament amb camions" es.text="Especifica condiciones para permitir el adelantamiento con camiones" />
				<check key="traffic_sign" text="Traffic sign real position" ca.text="Senyal posició real" es.text="Señal posición real" default="off" value_off="" value_on="overtaking" />
				<combo key="layer" text="Layer where it is this traffic sign (bottom to top)" ca.text="Posició en la que està aquest senyal de trànsit (de baix a dalt)" es.text="Posición en la que está la señal de tráfico (de abajo a arriba)" values="1,2,3,4,5,6,7,8,9,10" ca.display_values="1,2,3,4,5,6,7,8,9,10" es.display_values="1,2,3,4,5,6,7,8,9,10" default="1" />
				<combo key="direction" text="Direction of the traffic sign vs. way" ca.text="Direcció del senyal vs. via" es.text="Lado de la señal vs. vía" values="forward,backward,90,270" es.display_values="En el sentido de la marcha,En sentido contrario al de la marcha,90 grados sentido horario,270 grados sentido horario" ca.display_values="En sentit de la marxa,En sentit contrari a la marxa,90º sentit horari,270º sentit horari"  default="forward"/>
				<text key="description" text="Specify other information if you need it" ca.text="Especifica una altra informació si és necessari" es.text="Especifica otra información si es necesario"/>
				</item>
			
			</group>
			
			<group name="Orientation/Confirmation" ca.name="Orientació/Confirmació" es.name="Orientación/Confirmación" icon="traffic_signs/ALL/ES_S341.png">
			
				<item name="City limit entrance" ca.name="Entrada a ciutat" es.name="Entrada a ciudad" icon="traffic_signs/ALL/ES_S500.png" type="relation,way,node,closedway" preset_name_label="true">
				<space />
				<check key="traffic_sign" text="Traffic sign real position" ca.text="Senyal posició real" es.text="Señal posición real" default="off" value_off="" value_on="city_limit" />
				<key key="city_limit" value="begin" />
				<text key="name" text="Name of the city" ca.text="Nom de la població" es.text="Nombre de la población" />
				<space />
				<text key="colour:back" text="Colour of the panel" ca.text="Color del panell" es.text="Color del panel" />
				<text key="colour:text" text="Colour of the text" ca.text="Color del text" es.text="Color del texto" />
				<combo key="layer" text="Layer where it is this traffic sign (bottom to top)" ca.text="Posició en la que està aquest senyal de trànsit (de baix a dalt)" es.text="Posición en la que está la señal de tráfico (de abajo a arriba)" values="1,2,3,4,5,6,7,8,9,10" ca.display_values="1,2,3,4,5,6,7,8,9,10" es.display_values="1,2,3,4,5,6,7,8,9,10" default="1" />
				<combo key="direction" text="Direction of the traffic sign vs. way" ca.text="Direcció del senyal vs. via" es.text="Lado de la señal vs. vía" values="forward,backward,90,270" es.display_values="En el sentido de la marcha,En sentido contrario al de la marcha,90 grados sentido horario,270 grados sentido horario" ca.display_values="En sentit de la marxa,En sentit contrari a la marxa,90º sentit horari,270º sentit horari"  default="forward"/>
				<text key="description" text="Specify other information if you need it" ca.text="Especifica una altra informació si és necessari" es.text="Especifica otra información si es necesario"/>
				</item>
				
				<item name="End of City limit" ca.name="Sortida de la ciutat" es.name="Salida de ciudad" icon="traffic_signs/ALL/ES_S510.png" type="relation,way,node,closedway" preset_name_label="true">
				<space />
				<check key="traffic_sign" text="Traffic sign real position" ca.text="Senyal posició real" es.text="Señal posición real" default="off" value_off="" value_on="city_limit" />
				<combo key="layer" text="Layer where it is this traffic sign (bottom to top)" ca.text="Posició en la que està aquest senyal de trànsit (de baix a dalt)" es.text="Posición en la que está la señal de tráfico (de abajo a arriba)" values="1,2,3,4,5,6,7,8,9,10" ca.display_values="1,2,3,4,5,6,7,8,9,10" es.display_values="1,2,3,4,5,6,7,8,9,10" default="1" />
				<key key="city_limit" value="end" />
				<text key="name" text="Name of the city" ca.text="Nom de la població" es.text="Nombre de la población" />
				<space />
				<text key="colour:back" text="Colour of the panel" ca.text="Color del panell" es.text="Color del panel" />
				<text key="colour:text" text="Colour of the text" ca.text="Color del text" es.text="Color del texto" />
				<combo key="layer" text="Layer where it is this traffic sign (bottom to top)" ca.text="Posició en la que està aquest senyal de trànsit (de baix a dalt)" es.text="Posición en la que está la señal de tráfico (de abajo a arriba)" values="1,2,3,4,5,6,7,8,9,10" ca.display_values="1,2,3,4,5,6,7,8,9,10" es.display_values="1,2,3,4,5,6,7,8,9,10" default="1" />
				<combo key="direction" text="Direction of the traffic sign vs. way" ca.text="Direcció del senyal vs. via" es.text="Lado de la señal vs. vía" values="forward,backward,90,270" es.display_values="En el sentido de la marcha,En sentido contrario al de la marcha,90 grados sentido horario,270 grados sentido horario" ca.display_values="En sentit de la marxa,En sentit contrari a la marxa,90º sentit horari,270º sentit horari"  default="forward"/>
				<text key="description" text="Specify other information if you need it" ca.text="Especifica una altra informació si és necessari" es.text="Especifica otra información si es necesario"/>
				</item>
				
			</group>		
			
				<item name="Variable message" ca.name="Missatges variables" es.name="Mensajes variables" icon="traffic_signs/ALL/ES_S800e.png" type="node">
				<check key="traffic_sign" text="Traffic sign real position" ca.text="Senyal posició real" es.text="Señal posición real" default="off" value_off="" value_on="variable_message" />
				<combo key="layer" text="Layer where it is this traffic sign (bottom to top)" ca.text="Posició en la que està aquest senyal de trànsit (de baix a dalt)" es.text="Posición en la que está la señal de tráfico (de abajo a arriba)" values="1,2,3,4,5,6,7,8,9,10" ca.display_values="1,2,3,4,5,6,7,8,9,10" es.display_values="1,2,3,4,5,6,7,8,9,10" default="1" />
				<combo key="direction" text="Direction of the traffic sign vs. way" ca.text="Direcció del senyal vs. via" es.text="Lado de la señal vs. vía" values="forward,backward,90,270" es.display_values="En el sentido de la marcha,En sentido contrario al de la marcha,90 grados sentido horario,270 grados sentido horario" ca.display_values="En sentit de la marxa,En sentit contrari a la marxa,90º sentit horari,270º sentit horari"  default="forward"/>
				<text key="description" text="Specify other information if you need it" ca.text="Especifica una altra informació si és necessari" es.text="Especifica otra información si es necesario"/>
				</item>
				
				<item name="Pole (traffic sign support real place)" ca.name="Pal (suport senyals trànsit lloc real)" es.name="Poste (señales tráfico lugar real)" icon="traffic_signs/ALL/all_man_made_pole.svg" type="node">
				<key key="man_made" value="pole" />
				</item>
				
				<item name="Real place and highway (relation)" ca.name="Ubicació real i via (relation)" es.name="Ubicación real y vía (relation)" icon="traffic_signs/ALL/all_real_place.svg" type="relation">
				<key key="type" value="node" />
				<label text="Now is the moment to relation the real place of the traffic sign with the place that affects the traffic sign (road). " ca.text="Ara és el moment de relacionar el lloc real on és el senyal de trànsit amb el lloc on afecta el senyal (via). " es.text="Ahora es el momento de relacionar el lugar real donde se sitúa la señal con el lugar al que afecta (la vía) ."/>
				<label text=" You have to choose the pole that has the traffic sign attached and give it the role of `attatched_to`, " ca.text="Has de triar el pal o suports d'on pengen els senyals amb el rol `attatched_to`, " es.text="Debes escoger el poste al que están unidas las señales con el rol `attatched_to` ,"/>
				<label text="the traffic signs itself should have the role `only_position` and the real place of the road that is affected by the traffic signs should have the role `via`" ca.text="els senyals de trànsit en sí tindran el rol de `only_position` i el lloc real de la via que és affectat pels senyals de trànsit tindrà el rol de `via`." es.text="las señales de tráfico en sí tendrán el rol de ´only_position´ y el lugar de la vía que queda afectado por estas señales adoptará el rol de ´via´."/>
				<label text="" icon="traffic_signs/ALL/relation_traffic_sign.png" icon_size="800" />
				</item>
				
				
				
				<item name="Traffic sign (manual)" ca.name="Senyal de trànsit (manual)" es.name="Señal de tráfico (manual)" icon="traffic_signs/ALL/all_direction_left.png" type="node,way,relation">
				<label text="Your country will be ready soon on this preset but now you can add the traffic signs with the codes you will see in the link we provided." ca.text="La predefinició de menú pel país triat no està encara enllestida però pots escriure el codi del senyal que vols afegir copiant-lo de l'enllaç que hi ha aquí sota." es.text="La predefinición de menú para el país escogido no está preparada aún pero puedes escribir el código de la señal que elijas en el enlace inferior."/>
				<space />
				<label text="The scheme is: two-letter COUNTRY_code.png . Code for OSM will be two-letter COUNTRY:Code " ca.text="L'esquema és : CODIDEPAÍS(2LLETRES)_codi de senyal.png . El codi a OSM serà CODIDEPAIS(2LLETRES):Codidesenyal" es.text="El esquema es: CODIGODEPAIS(2LETRAS)_código de señal.png. El código en OSM será CODIGODEPAIS(2LETRAS):Codigodeseñal"/>
				<space />
				<label text="Example: ES_r3 will be ES:R3 but ES_p1a will be ES:P1a" ca.text="Exemple: ES_r3 serà ES:R3 però ES_p1a serà ES:P1a" es.text="Ejemplo: ES_r3 será ES:R3 pero ES_p1a será ES:P1a"/>
				<space />
				<label text="Also you can choose similar traffic sign for other country and then change the codes" ca.text="També pots triar també el senyal semblant d'un altre país per configurar-lo i després canviar-li el codi" es.text="También puedes escoger la señal parecida de otro país para configurarla y después cambiarle el código"/>
				<text key="traffic_sign" text="Traffic sign real position" ca.text="Senyal de trànsit posició 1" es.text="Señal de tráfico posición 1 " default="" />
				<text key="traffic_sign:forward" text="Traffic sign code forward" ca.text="Codi del senyal en el sentit de la via" es.text="Código de la señal en el sentido de la vía " default="" />
				<text key="traffic_sign:backward" text="Traffic sign code backward" ca.text="Codi del senyal en el sentit contrari de la via" es.text="Código de la señal en el sentido contrario de la vía " default="" />
				<combo key="layer" text="Layer where it is this traffic sign (bottom to top)" ca.text="Posició en la que està aquest senyal de trànsit (de baix a dalt)" es.text="Posición en la que está la señal de tráfico (de abajo a arriba)" values="1,2,3,4,5,6,7,8,9,10" ca.display_values="1,2,3,4,5,6,7,8,9,10" es.display_values="1,2,3,4,5,6,7,8,9,10" default="1" />
				<label text="Once you have chosen the direction empty the opposite traffic sign code." ca.text="Un cop hagis triat el sentit del senyal elimina el contrari." es.text="Una vez hayas escogido el sentido de la señal elimina el contrario."/>
				<combo key="side" text="Side of the way" ca.text="Costat de la via" es.text="Lado de la vía" values="right,left,both,up,down" es.display_values="derecho,izquierdo,ambos,superior,inferior" ca.display_values="dret,esquerre,ambdós,superior,inferior"  default="right"/>
				<combo key="direction" text="Direction of the traffic sign vs. way" ca.text="Direcció del senyal vs. via" es.text="Lado de la señal vs. vía" values="forward,backward,90,270" es.display_values="En el sentido de la marcha,En sentido contrario al de la marcha,90 grados sentido horario,270 grados sentido horario" ca.display_values="En sentit de la marxa,En sentit contrari a la marxa,90º sentit horari,270º sentit horari"  default="forward"/>
				<link href="https://bit.ly/trafficsignscode"/>
				<space />
				<text key="description" text="Specify other information if you need it" ca.text="Especifica una altra informació si és necessari" es.text="Especifica otra información si es necesario"/>
				</item>
	
</group>
</group>
</presets>